"game_number","game_date","season","teamId","team_abbr","team_name","gameId","playerId","sA_ev","gA_ev","xGA_ev","xGF_ev","team_xg_pct_ev","ev_gsax","cumulative_ev_gsax","ev_sv_pct","cumulative_ev_sv_pct","cumulative_gA_ev"
1,"2018-12-18","2018",1,"NJD","New Jersey Devils",2018020518,8478406,10,2,1.31342689565177,1.60741293870477,55.0325601492243,-0.686573104348225,-0.686573104348225,0.8,0.8,2
2,"2018-12-20","2018",1,"NJD","New Jersey Devils",2018020535,8478406,26,2,2.63344090662799,1.67380897024744,38.8602708942825,0.63344090662799,-0.0531321977202353,0.923076923076923,0.888888888888889,4
3,"2018-12-23","2018",1,"NJD","New Jersey Devils",2018020559,8478406,7,0,0.499878120799626,2.1716672094219,81.2888025838522,0.499878120799626,0.446745923079391,1,0.906976744186046,4
4,"2018-12-27","2018",1,"NJD","New Jersey Devils",2018020567,8478406,36,2,1.76449128611322,2.26336192869422,56.1927609569661,-0.235508713886779,0.211237209192612,0.944444444444444,0.924050632911392,6
5,"2018-12-29","2018",1,"NJD","New Jersey Devils",2018020583,8478406,30,0,1.92715356759666,2.17353272006729,53.0041209591162,1.92715356759666,2.13839077678927,1,0.944954128440367,6
6,"2018-12-31","2018",1,"NJD","New Jersey Devils",2018020600,8478406,22,0,1.65194593975834,1.6476485274026,49.9348796890268,1.65194593975834,3.79033671654762,1,0.954198473282443,6
7,"2019-01-02","2018",1,"NJD","New Jersey Devils",2018020618,8478406,32,4,2.52157937079305,2.11208113081312,45.5812662598179,-1.47842062920695,2.31191608734066,0.875,0.938650306748466,10
8,"2019-01-04","2018",1,"NJD","New Jersey Devils",2018020634,8478406,4,0,0.153273912624529,2.2483796435364,93.6179840663805,0.153273912624529,2.46518999996519,1,0.940119760479042,10
9,"2019-01-12","2018",1,"NJD","New Jersey Devils",2018020687,8478406,29,2,2.14750960641189,1.60828044810068,42.8213618109014,0.147509606411889,2.61269960637708,0.931034482758621,0.938775510204082,12
10,"2019-01-14","2018",1,"NJD","New Jersey Devils",2018020707,8478406,30,4,1.7283947691015,3.51250493140406,67.0210294439566,-2.2716052308985,0.341094375478577,0.866666666666667,0.929203539823009,16
11,"2019-01-17","2018",1,"NJD","New Jersey Devils",2018020727,8478406,22,2,2.3913811388545,1.06459282780526,30.8044226627726,0.391381138854504,0.732475514333081,0.909090909090909,0.92741935483871,18
12,"2019-01-19","2018",1,"NJD","New Jersey Devils",2018020740,8478406,12,2,1.12918232078328,1.51965114492174,57.3705808461335,-0.870817679216715,-0.138342164883634,0.833333333333333,0.923076923076923,20
13,"2019-02-02","2018",1,"NJD","New Jersey Devils",2018020790,8478406,31,2,1.70643693965198,1.31826010038392,43.5832112418199,-0.29356306034802,-0.431905225231654,0.935483870967742,0.924398625429553,22
14,"2019-02-27","2018",1,"NJD","New Jersey Devils",2018020980,8478406,28,1,1.95686776737302,1.10170974043639,36.0203309421917,0.956867767373018,0.524962542141363,0.964285714285714,0.927899686520376,23
15,"2019-03-02","2018",1,"NJD","New Jersey Devils",2018021001,8478406,27,0,1.52608653351506,1.67249359832731,52.2886258711285,1.52608653351506,2.05104907565643,1,0.933526011560694,23
16,"2019-03-08","2018",1,"NJD","New Jersey Devils",2018021045,8478406,23,1,1.62128995350266,1.35511380440014,45.5285611302602,0.621289953502663,2.67233902915909,0.956521739130435,0.934959349593496,24
17,"2019-03-12","2018",1,"NJD","New Jersey Devils",2018021078,8478406,39,9,3.81006845136638,1.92556411124683,33.5719572379568,-5.18993154863363,-2.51759251947453,0.769230769230769,0.919117647058823,33
18,"2019-03-15","2018",1,"NJD","New Jersey Devils",2018021098,8478406,24,1,1.51447174065093,2.69687237105676,64.0382808794787,0.514471740650933,-2.0031207788236,0.958333333333333,0.921296296296296,34
19,"2019-03-19","2018",1,"NJD","New Jersey Devils",2018021122,8478406,22,4,1.64625175077527,1.70828750162438,50.9246538224995,-2.35374824922473,-4.35686902804833,0.818181818181818,0.916299559471366,38
20,"2019-03-23","2018",1,"NJD","New Jersey Devils",2018021150,8478406,20,1,1.73662398519394,1.67616865719932,49.114283603937,0.736623985193938,-3.6202450428544,0.95,0.917721518987342,39
21,"2019-03-29","2018",1,"NJD","New Jersey Devils",2018021199,8478406,30,3,2.33385657610853,2.04612876153844,46.7154249113918,-0.66614342389147,-4.28638846674587,0.9,0.916666666666667,42
22,"2019-04-01","2018",1,"NJD","New Jersey Devils",2018021222,8478406,28,1,2.47695269830812,3.86807365950765,60.9622945812191,1.47695269830812,-2.80943576843775,0.964285714285714,0.919172932330827,43
23,"2019-04-06","2018",1,"NJD","New Jersey Devils",2018021262,8478406,29,3,2.94455701361237,1.89076225285361,39.1031522151282,-0.0554429863876305,-2.86487875482538,0.896551724137931,0.918003565062389,46
24,"2019-10-04","2019",1,"NJD","New Jersey Devils",2019020013,8478406,9,2,1.14671174906136,3.32599471101875,74.3620163921775,-0.853288250938642,-3.71816700576402,0.777777777777778,0.91578947368421,48
25,"2019-10-05","2019",1,"NJD","New Jersey Devils",2019020018,8478406,27,4,1.83804703371317,1.32533451257322,41.8961321352172,-2.16195296628683,-5.88011997205086,0.851851851851852,0.912897822445561,52
26,"2019-10-10","2019",1,"NJD","New Jersey Devils",2019020049,8478406,16,1,1.35910570921144,2.63492942667574,65.9716135944922,0.359105709211437,-5.52101426283942,0.9375,0.913539967373573,53
27,"2019-10-17","2019",1,"NJD","New Jersey Devils",2019020100,8478406,24,2,1.6551524875194,2.10533609588028,55.9857063567241,-0.344847512480597,-5.86586177532002,0.916666666666667,0.913657770800628,55
28,"2019-10-19","2019",1,"NJD","New Jersey Devils",2019020113,8478406,15,0,1.31061419637633,1.16543633055665,47.0683581728134,1.31061419637633,-4.55524757894369,1,0.915644171779141,55
29,"2019-10-25","2019",1,"NJD","New Jersey Devils",2019020157,8478406,15,3,0.937443899124599,1.4333542682463,60.4587217913966,-2.0625561008754,-6.61780367981909,0.8,0.91304347826087,58
30,"2019-11-01","2019",1,"NJD","New Jersey Devils",2019020196,8478406,26,3,1.55751632548199,1.9858384851578,56.0440201809549,-1.44248367451801,-8.0602873543371,0.884615384615385,0.911976911976912,61
31,"2019-11-02","2019",1,"NJD","New Jersey Devils",2019020210,8478406,21,2,2.04798991813627,2.82789786127454,57.9975993954532,0.0479899181362669,-8.01229743620084,0.904761904761905,0.911764705882353,63
32,"2019-11-05","2019",1,"NJD","New Jersey Devils",2019020229,8478406,29,1,2.02519506786467,1.87087094649426,48.0194878525973,1.02519506786467,-6.98710236833616,0.96551724137931,0.913862718707941,64
33,"2019-11-07","2019",1,"NJD","New Jersey Devils",2019020245,8478406,28,3,2.75893689463069,1.07752342164502,28.0863956046609,-0.241063105369314,-7.22816547370548,0.892857142857143,0.913099870298314,67
34,"2019-11-10","2019",1,"NJD","New Jersey Devils",2019020265,8478406,25,0,1.81553477733117,1.98255350504229,52.1987209787385,1.81553477733117,-5.4126306963743,1,0.915829145728643,67
35,"2019-11-13","2019",1,"NJD","New Jersey Devils",2019020281,8478406,23,3,2.09483468362052,1.43487553828922,40.6513693215554,-0.905165316379484,-6.31779601275379,0.869565217391304,0.914529914529915,70
36,"2019-11-15","2019",1,"NJD","New Jersey Devils",2019020295,8478406,31,1,2.73622111934202,1.13295981052713,29.2816446442438,1.73622111934202,-4.58157489341177,0.967741935483871,0.916470588235294,71
37,"2019-11-16","2019",1,"NJD","New Jersey Devils",2019020305,8478406,29,2,1.27956502033894,2.60765083660549,67.0827382005806,-0.720434979661059,-5.30200987307283,0.931034482758621,0.916951080773606,73
38,"2019-11-19","2019",1,"NJD","New Jersey Devils",2019020320,8478406,27,4,1.8651905437182,1.65823406743347,47.0631346044738,-2.1348094562818,-7.43681932935463,0.851851851851852,0.915011037527594,77
39,"2019-11-22","2019",1,"NJD","New Jersey Devils",2019020346,8478406,34,4,2.43980903447273,1.29932701117337,34.7493911778451,-1.56019096552727,-8.9970102948819,0.88235294117647,0.913829787234043,81
40,"2019-11-28","2019",1,"NJD","New Jersey Devils",2019020390,8478406,45,4,3.29521319566413,3.99309432048939,54.7876761736418,-0.704786804335866,-9.70179709921777,0.911111111111111,0.913705583756345,85
41,"2019-11-30","2019",1,"NJD","New Jersey Devils",2019020403,8478406,15,0,1.3356579178996,1.47122212966451,52.4148558090781,1.3356579178996,-8.36613918131817,1,0.915,85
42,"2019-12-02","2019",1,"NJD","New Jersey Devils",2019020419,8478406,15,1,0.958610804957586,1.57470228363325,62.1597974101648,-0.0413891950424136,-8.40752837636058,0.933333333333333,0.915270935960591,86
43,"2019-12-03","2019",1,"NJD","New Jersey Devils",2019020427,8478406,21,3,1.89072425997476,2.00938739469363,51.5212786866862,-1.10927574002524,-9.51680411638581,0.857142857142857,0.914092664092664,89
44,"2019-12-06","2019",1,"NJD","New Jersey Devils",2019020447,8478406,25,0,2.53572150281236,2.52101917644828,49.8546264550961,2.53572150281236,-6.98108261357346,1,0.916116870876532,89
45,"2019-12-10","2019",1,"NJD","New Jersey Devils",2019020478,8478406,30,2,2.30263877631053,0.971270064512153,29.6669856045255,0.302638776310528,-6.67844383726293,0.933333333333333,0.916590284142988,91
46,"2019-12-13","2019",1,"NJD","New Jersey Devils",2019020500,8478406,17,0,1.16870543584281,1.70287031730059,59.3009017936066,1.16870543584281,-5.50973840142012,1,0.917870036101083,91
47,"2019-12-14","2019",1,"NJD","New Jersey Devils",2019020513,8478406,28,0,2.07018670114824,1.71948574339002,45.372938388598,2.07018670114824,-3.43955170027188,1,0.919894366197183,91
48,"2019-12-18","2019",1,"NJD","New Jersey Devils",2019020535,8478406,24,1,1.98080230392161,1.52580481256681,43.5122830097594,0.980802303921614,-2.45874939635026,0.958333333333333,0.920689655172414,92
49,"2019-12-20","2019",1,"NJD","New Jersey Devils",2019020549,8478406,23,5,2.61276388130528,1.66768153576057,38.9604672708039,-2.38723611869472,-4.84598551504498,0.782608695652174,0.918005071851226,97
50,"2019-12-23","2019",1,"NJD","New Jersey Devils",2019020578,8478406,25,1,1.60452429013016,2.87126485544575,64.1510304006133,0.604524290130158,-4.24146122491483,0.96,0.91887417218543,98
51,"2019-12-27","2019",1,"NJD","New Jersey Devils",2019020583,8478406,31,3,2.6097653929724,2.72999968836838,51.1258388109256,-0.3902346070276,-4.63169583194243,0.903225806451613,0.918482647296207,101
52,"2019-12-29","2019",1,"NJD","New Jersey Devils",2019020603,8478406,19,3,2.08622570137663,2.10991891201561,50.2823211879228,-0.91377429862337,-5.5454701305658,0.842105263157895,0.917329093799682,104
53,"2019-12-31","2019",1,"NJD","New Jersey Devils",2019020613,8478406,26,1,2.35104461142492,2.87988533632284,55.0549398498982,1.35104461142492,-4.19442551914088,0.961538461538462,0.918224299065421,105
54,"2020-01-02","2019",1,"NJD","New Jersey Devils",2019020630,8478406,28,1,2.19383274199275,1.94598263502012,47.0065077255756,1.19383274199275,-3.00059277714813,0.964285714285714,0.919207317073171,106
55,"2020-01-04","2019",1,"NJD","New Jersey Devils",2019020649,8478406,28,3,2.15247795373018,1.17213849199386,35.2563524583838,-0.847522046269825,-3.84811482341795,0.892857142857143,0.91865671641791,109
56,"2020-01-07","2019",1,"NJD","New Jersey Devils",2019020665,8478406,41,4,4.60159689413418,2.78660056241323,37.7169205181942,0.601596894134178,-3.24651792928377,0.902439024390244,0.918175235336713,113
57,"2020-01-09","2019",1,"NJD","New Jersey Devils",2019020682,8478406,20,3,1.7022575638945,2.26090908085747,57.0480447460207,-1.2977424361055,-4.54426036538928,0.85,0.917201998572448,116
58,"2020-01-18","2019",1,"NJD","New Jersey Devils",2019020751,8478406,14,1,1.23671029884504,2.66988993590757,68.3430547143415,0.23671029884504,-4.30755006654424,0.928571428571429,0.917314487632509,117
59,"2020-01-27","2019",1,"NJD","New Jersey Devils",2019020769,8478406,33,0,2.24726330238408,2.78304358856862,55.3255228537664,2.24726330238408,-2.06028676416016,1,0.919198895027624,117
60,"2020-01-30","2019",1,"NJD","New Jersey Devils",2019020783,8478406,27,4,3.26329742668581,2.2734485870943,41.0610958392535,-0.736702573314194,-2.79698933747435,0.851851851851852,0.917966101694915,121
61,"2020-02-06","2019",1,"NJD","New Jersey Devils",2019020832,8478406,35,0,2.02143297643857,0.694327650898982,25.5665997919588,2.02143297643857,-0.775556361035783,1,0.919867549668874,121
62,"2020-02-08","2019",1,"NJD","New Jersey Devils",2019020848,8478406,30,0,2.4109512484451,2.37413889680242,49.6153431750993,2.4109512484451,1.63539488740932,1,0.921428571428571,121
63,"2020-02-13","2019",1,"NJD","New Jersey Devils",2019020884,8478406,23,0,1.33220164515669,1.70244327035083,56.1002462479572,1.33220164515669,2.96759653256601,1,0.922584772872681,121
64,"2020-02-16","2019",1,"NJD","New Jersey Devils",2019020911,8478406,48,3,3.70440163117787,2.56049524016622,40.8705090083451,0.70440163117787,3.67199816374388,0.9375,0.923029174425822,124
65,"2020-02-20","2019",1,"NJD","New Jersey Devils",2019020934,8478406,29,1,2.19594261061019,1.17829977299827,34.9204247662309,1.19594261061019,4.86794077435408,0.96551724137931,0.923780487804878,125
66,"2020-02-22","2019",1,"NJD","New Jersey Devils",2019020948,8478406,21,1,1.94179966675863,1.5277065126478,44.0323905954007,0.941799666758629,5.8097404411127,0.952380952380952,0.92414208308248,126
67,"2020-02-29","2019",1,"NJD","New Jersey Devils",2019021001,8478406,38,2,1.10821879709424,0.436813532156044,28.2721289313088,-0.891781202905758,4.91795923820695,0.947368421052632,0.924661565626839,128
68,"2020-03-03","2019",1,"NJD","New Jersey Devils",2019021027,8478406,31,3,2.87171712716425,1.45963547302122,33.6992992202648,-0.12828287283575,4.7896763653712,0.903225806451613,0.924277456647399,131
69,"2020-03-07","2019",1,"NJD","New Jersey Devils",2019021055,8478406,32,4,2.32769181388059,4.00900985306594,63.2665077792397,-1.67230818611941,3.11736817925179,0.875,0.923382519863791,135
70,"2020-03-10","2019",1,"NJD","New Jersey Devils",2019021072,8478406,25,4,1.69241530152475,1.63288123780538,49.1048307569682,-2.30758469847525,0.809783480776533,0.84,0.922216004476777,139
71,"2021-01-14","2020",1,"NJD","New Jersey Devils",2020020007,8478406,27,0,2.49819484210297,2.51062697899358,50.1241024070595,2.49819484210297,3.3079783228795,1,0.923373759647188,139
72,"2021-01-16","2020",1,"NJD","New Jersey Devils",2020020023,8478406,25,0,1.73126615589189,2.20531588834098,56.0210828470295,1.73126615589189,5.03924447877139,1,0.924415443175639,139
73,"2021-01-19","2020",1,"NJD","New Jersey Devils",2020020046,8478406,34,1,2.45553552809956,2.14167987146351,46.5864590914548,1.45553552809956,6.49478000687095,0.970588235294118,0.9252536038441,140
74,"2021-02-16","2020",1,"NJD","New Jersey Devils",2020020364,8478406,37,2,2.92252280219681,3.31351946774754,53.1349744647755,0.922522802196812,7.41730280906776,0.945945945945946,0.92565445026178,142
75,"2021-02-18","2020",1,"NJD","New Jersey Devils",2020020265,8478406,21,0,1.65992020650238,1.67649933555856,50.2484568988878,1.65992020650238,9.07722301557014,1,0.926462972553081,142
76,"2021-02-20","2020",1,"NJD","New Jersey Devils",2020020278,8478406,27,2,2.02036978630021,1.18482496813435,36.9657714712992,0.0203697863002081,9.09759280187034,0.925925925925926,0.926455566905005,144
77,"2021-02-23","2020",1,"NJD","New Jersey Devils",2020020295,8478406,32,2,2.24181700003214,2.11122802807903,48.5000273244385,0.241817000032136,9.33940980190248,0.9375,0.926633165829146,146
78,"2021-02-25","2020",1,"NJD","New Jersey Devils",2020020635,8478406,23,1,1.93866951733599,3.29699949106251,62.9718854605556,0.93866951733599,10.2780793192385,0.956521739130435,0.926974664679583,147
79,"2021-02-27","2020",1,"NJD","New Jersey Devils",2020020327,8478406,23,4,1.79424921591045,1.4841828616734,45.2711182220746,-2.20575078408955,8.07232853514892,0.826086956521739,0.925834970530452,151
80,"2021-02-28","2020",1,"NJD","New Jersey Devils",2020020346,8478406,21,3,1.57653522442552,1.43134904540439,47.586573052737,-1.42346477557448,6.64886375957443,0.857142857142857,0.925133689839572,154
81,"2021-03-04","2020",1,"NJD","New Jersey Devils",2020020180,8478406,14,3,1.3523088127872,2.71535058941268,66.7546203092659,-1.6476911872128,5.00117257236163,0.785714285714286,0.924191211974891,157
82,"2021-03-06","2020",1,"NJD","New Jersey Devils",2020020374,8478406,21,4,1.86628242738773,1.87757128137983,50.1507651589813,-2.13371757261227,2.86745499974936,0.80952380952381,0.923040152963671,161
83,"2021-03-11","2020",1,"NJD","New Jersey Devils",2020020417,8478406,27,5,3.1811872530385,1.2951765086382,28.9336742408323,-1.8188127469615,1.04864225278786,0.814814814814815,0.921661160924965,166
84,"2021-03-13","2020",1,"NJD","New Jersey Devils",2020020432,8478406,20,3,1.57754223545062,1.94088140644606,55.1633800811943,-1.42245776454938,-0.373815511761519,0.85,0.920991117344554,169
85,"2021-03-16","2020",1,"NJD","New Jersey Devils",2020020457,8478406,32,2,2.7101501891443,2.66574248479092,49.5869736707293,0.710150189144295,0.336334677382776,0.9375,0.921234454168586,171
86,"2021-03-21","2020",1,"NJD","New Jersey Devils",2020020151,8478406,30,1,1.943522838783,2.06444417606293,51.5085121313626,0.943522838783002,1.27985751616578,0.966666666666667,0.921853702862335,172
87,"2021-03-23","2020",1,"NJD","New Jersey Devils",2020020504,8478406,23,2,1.79299049520319,2.25473281286948,55.7037287695209,-0.207009504796806,1.07284801136897,0.91304347826087,0.921762589928058,174
88,"2021-03-25","2020",1,"NJD","New Jersey Devils",2020020517,8478406,19,4,2.31271852053777,1.57478750152065,40.5089405028575,-1.68728147946223,-0.614433468093253,0.789473684210526,0.920641997325011,178
89,"2021-03-28","2020",1,"NJD","New Jersey Devils",2020020541,8478406,31,0,1.33354565771398,1.14649331857891,46.2288427536193,1.33354565771398,0.719112189620728,1,0.921723834652595,178
90,"2021-03-30","2020",1,"NJD","New Jersey Devils",2020020556,8478406,43,3,2.98441213325384,2.28132103085742,43.3239011502866,-0.0155878667461642,0.703524322874564,0.930232558139535,0.92188174363401,181
91,"2021-04-02","2020",1,"NJD","New Jersey Devils",2020020580,8478406,33,2,1.68060511797154,2.06479686338042,55.1288452791147,-0.319394882028456,0.384129440846108,0.93939393939394,0.922127659574468,183
92,"2021-04-04","2020",1,"NJD","New Jersey Devils",2020020597,8478406,15,3,1.66599254418587,3.01906976954212,64.4403332842715,-1.33400745581413,-0.94987801496802,0.8,0.921353065539112,186
93,"2021-04-09","2020",1,"NJD","New Jersey Devils",2020020494,8478406,20,3,2.03727103224675,2.89473956107614,58.6928901773879,-0.962728967753248,-1.91260698272127,0.85,0.920754716981132,189
94,"2021-04-11","2020",1,"NJD","New Jersey Devils",2020020650,8478406,19,3,1.6423845390676,2.2726810169057,58.0496286566191,-1.3576154609324,-3.27022244365367,0.842105263157895,0.920133111480865,192
95,"2021-04-13","2020",1,"NJD","New Jersey Devils",2020020666,8478406,19,2,1.94906895251273,1.83482101786545,48.4903375158678,-0.0509310474872671,-3.32115349114094,0.894736842105263,0.919933966157656,194
96,"2021-04-15","2020",1,"NJD","New Jersey Devils",2020020676,8478406,32,4,1.96650839936006,1.90544031112017,49.211403703843,-2.03349160063994,-5.35464509178088,0.875,0.919348268839104,198
97,"2021-04-18","2020",1,"NJD","New Jersey Devils",2020020702,8478406,21,2,1.75153912976952,2.03499528471706,53.7429496727018,-0.248460870230477,-5.60310596201135,0.904761904761905,0.919224555735057,200
98,"2021-04-24","2020",1,"NJD","New Jersey Devils",2020020746,8478406,33,2,2.14396821920129,2.27408193961581,51.4725242554666,0.143968219201288,-5.45913774281007,0.93939393939394,0.919489836588282,202
99,"2021-04-25","2020",1,"NJD","New Jersey Devils",2020020216,8478406,32,3,1.76391858566224,2.10240280652364,54.3773420071273,-1.23608141433776,-6.69521915714782,0.90625,0.919323101141283,205
100,"2021-04-27","2020",1,"NJD","New Jersey Devils",2020020716,8478406,29,4,3.01526532882662,2.6753170305547,47.0130623124055,-0.984734671173377,-7.6799538283212,0.862068965517241,0.918677042801556,209
101,"2021-04-29","2020",1,"NJD","New Jersey Devils",2020020783,8478406,21,1,1.72711336522803,2.02970462243232,54.0272280717109,0.727113365228033,-6.95284046309317,0.952380952380952,0.918950212273254,210
102,"2021-05-01","2020",1,"NJD","New Jersey Devils",2020020798,8478406,29,1,2.46040174720859,1.15406608680139,31.9290733740198,1.46040174720859,-5.49243871588458,0.96551724137931,0.919465648854962,211
103,"2021-05-04","2020",1,"NJD","New Jersey Devils",2020020825,8478406,32,2,2.46736477852496,1.82950088640661,42.5775676753847,0.467364778524965,-5.02507393735961,0.9375,0.919683257918552,213
104,"2021-05-06","2020",1,"NJD","New Jersey Devils",2020020839,8478406,27,1,1.83582617701893,1.07358682393343,36.9004614876611,0.83582617701893,-4.18924776034068,0.962962962962963,0.920119447555058,214
105,"2021-05-08","2020",1,"NJD","New Jersey Devils",2020020855,8478406,24,4,2.14015120348188,1.763375202199,45.1739022344699,-1.85984879651812,-6.0490965568588,0.833333333333333,0.919348871624121,218
106,"2021-11-05","2021",1,"NJD","New Jersey Devils",2021020161,8478406,22,2,1.86373825382763,1.76929056220719,48.7001521815132,-0.136261746172366,-6.18535830303117,0.909090909090909,0.919266055045872,220
107,"2021-11-09","2021",1,"NJD","New Jersey Devils",2021020186,8478406,36,3,3.11238781920063,2.08168861447463,40.0781282496772,0.112387819200635,-6.07297048383053,0.916666666666667,0.919232162260051,223
108,"2021-11-11","2021",1,"NJD","New Jersey Devils",2021020199,8478406,37,0,2.65664260262319,2.13062854712184,44.5061180049372,2.65664260262319,-3.41632788120734,1,0.920300214438885,223
109,"2021-11-14","2021",1,"NJD","New Jersey Devils",2021020226,8478406,31,3,2.49908522212619,2.0164922584347,44.6563538576295,-0.500914777873808,-3.91724265908115,0.903225806451613,0.92011311417462,226
110,"2021-11-18","2021",1,"NJD","New Jersey Devils",2021020251,8478406,25,4,2.020334516717,2.24196025212565,52.5998405486727,-1.979665483283,-5.89690814236415,0.84,0.919411352487737,230
111,"2021-11-20","2021",1,"NJD","New Jersey Devils",2021020264,8478406,30,2,2.61720022294637,3.68775391720755,58.4897817689365,0.617200222946367,-5.27970791941778,0.933333333333333,0.919556171983356,232
112,"2021-11-24","2021",1,"NJD","New Jersey Devils",2021020293,8478406,21,1,1.36485302394785,2.86824226083693,67.7575643323313,0.364853023947849,-4.91485489546994,0.952380952380952,0.919793459552496,233
113,"2021-11-28","2021",1,"NJD","New Jersey Devils",2021020327,8478406,21,1,1.57267675372818,3.39842003839077,68.363586156249,0.57267675372818,-4.34217814174175,0.952380952380952,0.920027341079973,234
114,"2021-11-30","2021",1,"NJD","New Jersey Devils",2021020339,8478406,24,3,2.17569619158923,1.87013669922349,46.2237751705019,-0.824303808410769,-5.16648195015252,0.875,0.919661016949153,237
115,"2021-12-02","2021",1,"NJD","New Jersey Devils",2021020360,8478406,32,5,2.90597953720327,2.11547247248804,42.1287003919427,-2.09402046279673,-7.26050241294925,0.84375,0.918846411804158,242
116,"2021-12-03","2021",1,"NJD","New Jersey Devils",2021020363,8478406,8,2,0.975651087634668,2.7032239673936,73.4796351319093,-1.02434891236533,-8.28485132531458,0.75,0.918394648829431,244
117,"2021-12-06","2021",1,"NJD","New Jersey Devils",2021020234,8478406,23,2,1.82346258388564,3.30758425779573,64.4621723373681,-0.17653741611436,-8.46138874142894,0.91304347826087,0.918353800199137,246
118,"2021-12-08","2021",1,"NJD","New Jersey Devils",2021020398,8478406,23,0,1.17431320683155,2.39996285841022,67.1454251043667,1.17431320683155,-7.2870755345974,1,0.91897233201581,246
119,"2021-12-10","2021",1,"NJD","New Jersey Devils",2021020413,8478406,22,2,1.85418636430701,2.50840489520275,57.4980498054871,-0.145813635692988,-7.43288917029038,0.909090909090909,0.91890124264225,248
120,"2021-12-14","2021",1,"NJD","New Jersey Devils",2021020441,8478406,21,4,2.32779199684069,1.12303050539807,32.5438501884547,-1.67220800315931,-9.10509717344969,0.80952380952381,0.918155245209484,252
121,"2021-12-16","2021",1,"NJD","New Jersey Devils",2021020457,8478406,24,3,1.66408688901914,2.12640169797105,56.0983537918922,-1.33591311098086,-10.4410102844306,0.875,0.917821463100226,255
122,"2021-12-29","2021",1,"NJD","New Jersey Devils",2021020541,8478406,22,3,1.54328072203497,2.70645072901805,63.6852177646997,-1.45671927796503,-11.8977295623956,0.863636363636364,0.91744,258
123,"2021-12-31","2021",1,"NJD","New Jersey Devils",2021020562,8478406,35,5,2.56254503931719,2.58261597788379,50.1950467487753,-2.43745496068281,-14.3351845230784,0.857142857142857,0.916772151898734,263
124,"2022-01-02","2021",1,"NJD","New Jersey Devils",2021020578,8478406,28,3,2.21554428468553,2.33254606900987,51.2862737459611,-0.78445571531447,-15.1196402383929,0.892857142857143,0.916562107904642,266
125,"2022-01-04","2021",1,"NJD","New Jersey Devils",2021020586,8478406,32,5,2.5528887317926,2.00639255542979,44.0067727572063,-2.4471112682074,-17.5667515066003,0.84375,0.91583850931677,271
126,"2022-01-06","2021",1,"NJD","New Jersey Devils",2021020603,8478406,25,1,2.00415629409523,3.22870407062691,61.7005585013035,1.00415629409523,-16.562595212505,0.96,0.91617873651772,272
127,"2022-01-08","2021",1,"NJD","New Jersey Devils",2021020618,8478406,28,3,1.91238207247515,2.58206917044055,57.4501542209517,-1.08761792752485,-17.6502131400299,0.892857142857143,0.91597922395356,275
128,"2022-01-19","2021",1,"NJD","New Jersey Devils",2021020701,8478406,13,4,1.77604794923909,2.45921517103099,58.0652276185894,-2.22395205076091,-19.8741651907908,0.692307692307692,0.915094339622642,279
129,"2022-04-26","2021",1,"NJD","New Jersey Devils",2021021274,8478406,29,2,2.82982028340673,2.74347270868168,49.225345098063,0.829820283406733,-19.0443449073841,0.931034482758621,0.915233785822021,281
130,"2022-04-29","2021",1,"NJD","New Jersey Devils",2021021301,8478406,32,4,2.11446368335657,2.09769792622885,49.8009839284232,-1.88553631664343,-20.9298812240275,0.875,0.914849118613684,285
131,"2022-10-13","2022",1,"NJD","New Jersey Devils",2022020012,8478406,17,3,1.3011023672105,2.56649681080304,66.3589139586391,-1.6988976327895,-22.628778856817,0.823529411764706,0.914387633769322,288
132,"2022-10-18","2022",1,"NJD","New Jersey Devils",2022020048,8478406,14,2,1.31060661483,3.34079903750997,71.8234290279397,-0.689393385170003,-23.318172241987,0.857142857142857,0.914150384843102,290
133,"2022-10-20","2022",1,"NJD","New Jersey Devils",2022020066,8478406,14,1,1.30848449582234,4.64690509042531,78.0285659422865,0.308484495822339,-23.0096877461646,0.928571428571429,0.914209905660377,291
134,"2022-10-22","2022",1,"NJD","New Jersey Devils",2022020075,8478406,20,1,1.81285908791084,2.08050181500522,53.4371682174894,0.812859087910843,-22.1968286582538,0.95,0.914419695193435,292
135,"2022-10-24","2022",1,"NJD","New Jersey Devils",2022020093,8478406,10,3,1.06176112528752,3.3926416371293,76.1637826232076,-1.93823887471248,-24.1350675329663,0.7,0.913793103448276,295
136,"2022-11-01","2022",1,"NJD","New Jersey Devils",2022020157,8478406,20,0,2.15358611621445,3.53437442242282,62.1378154509769,2.15358611621445,-21.9814814167518,1,0.914294015107496,295
137,"2022-11-03","2022",1,"NJD","New Jersey Devils",2022020170,8478406,16,2,1.48835483986295,3.3559928965394,69.2764656699011,-0.511645160137054,-22.4931265768889,0.875,0.914112203585888,297
138,"2022-12-20","2022",1,"NJD","New Jersey Devils",2022020512,8478406,4,1,0.735622695099211,2.0430816399387,73.5264135221794,-0.264377304900789,-22.7575038817897,0.75,0.913922588099365,298
139,"2022-12-21","2022",1,"NJD","New Jersey Devils",2022020518,8478406,31,1,3.27500111231317,3.80557925485981,53.7467136522206,2.27500111231317,-20.4825027694765,0.967741935483871,0.914400229029488,299
140,"2022-12-23","2022",1,"NJD","New Jersey Devils",2022020533,8478406,18,4,1.83140978836772,3.12924713911649,63.0813052557433,-2.16859021163229,-22.6510929811088,0.777777777777778,0.913699800626602,303
141,"2023-01-01","2022",1,"NJD","New Jersey Devils",2022020590,8478406,36,2,2.62459941935796,2.10351670859713,44.489531383547,0.624599419357962,-22.0264935617508,0.944444444444444,0.914011840992388,305
142,"2023-01-14","2022",1,"NJD","New Jersey Devils",2022020690,8478406,30,0,2.74113076132888,3.37122123094017,55.1542390753038,2.74113076132888,-19.285362800422,1,0.914733016494269,305
143,"2023-01-19","2022",1,"NJD","New Jersey Devils",2022020728,8478406,39,4,3.64794051060126,2.95216180764314,44.7290309346053,-0.352059489398738,-19.6374222898207,0.897435897435897,0.914546460176991,309
144,"2023-01-26","2022",1,"NJD","New Jersey Devils",2022020775,8478406,34,4,3.1963663705626,2.72218848524391,45.994141332884,-0.803633629437403,-20.4410559192581,0.88235294117647,0.914246575342466,313
145,"2023-02-09","2022",1,"NJD","New Jersey Devils",2022020824,8478406,27,1,1.75001083970668,2.34346778602004,57.248809638135,0.750010839706685,-19.6910450795514,0.962962962962963,0.914604296981235,314
146,"2023-02-16","2022",1,"NJD","New Jersey Devils",2022020874,8478406,30,3,2.69193121288547,3.03007027345258,52.9547271297854,-0.308068787114533,-19.9991138666659,0.9,0.914486107364446,317
147,"2023-02-19","2022",1,"NJD","New Jersey Devils",2022020900,8478406,22,2,2.60860113108762,2.98308482123458,53.3485758440301,0.608601131087616,-19.3905127355783,0.909090909090909,0.914454277286136,319
148,"2023-03-25","2022",1,"NJD","New Jersey Devils",2022021159,8478406,28,3,1.793426508445,4.18222958800073,69.9877891314442,-1.206573491555,-20.5970862271333,0.892857142857143,0.91429331913761,322
149,"2023-04-01","2022",1,"NJD","New Jersey Devils",2022021211,8478406,16,3,1.13943328865143,3.24100286299168,73.9881315648437,-1.86056671134857,-22.4576529384819,0.8125,0.913861648555526,325
150,"2023-04-02","2022",1,"NJD","New Jersey Devils",2022021223,8478406,3,1,0.36175998465684,2.25548154021519,86.1778142667009,-0.63824001534316,-23.0958929538251,0.666666666666667,0.913665254237288,326
151,"2023-04-08","2022",1,"NJD","New Jersey Devils",2022021265,8478406,35,1,2.75092730911369,1.9378517057268,41.3295593499564,1.75092730911369,-21.3449656447114,0.971428571428571,0.914195749147205,327
152,"2023-04-13","2022",1,"NJD","New Jersey Devils",2022021301,8478406,11,4,1.16723499770149,4.46109287439095,79.2614249875328,-2.83276500229851,-24.1777306470099,0.636363636363636,0.913396127681842,331
153,"2023-10-14","2023",28,"SJS","San Jose Sharks",2023020030,8478406,41,1,3.51121622642293,1.85851278360357,34.6109231980479,2.51121622642293,-21.6665144205869,0.975609756097561,0.91405643282423,332
154,"2023-10-17","2023",28,"SJS","San Jose Sharks",2023020047,8478406,23,2,1.76330750714022,0.787321269512177,30.86773256536,-0.236692492859777,-21.9032069134467,0.91304347826087,0.914050437467833,334
155,"2023-10-21","2023",28,"SJS","San Jose Sharks",2023020074,8478406,24,3,2.30691540241241,1.29853749275208,36.0159328247952,-0.693084597587585,-22.5962915110343,0.875,0.91381074168798,337
156,"2023-10-24","2023",28,"SJS","San Jose Sharks",2023020089,8478406,25,1,2.2918151098991,1.21271568536758,34.6042239664583,1.2918151098991,-21.3044764011352,0.96,0.914104193138501,338
157,"2023-10-26","2023",28,"SJS","San Jose Sharks",2023020106,8478406,17,4,2.13370758295059,1.44392923461232,40.35986066344,-1.86629241704941,-23.1707688181846,0.764705882352941,0.913461538461538,342
158,"2023-10-29","2023",28,"SJS","San Jose Sharks",2023020128,8478406,35,2,2.00049179792404,2.2659073472023,53.110533499678,0.000491797924041748,-23.1702770202606,0.942857142857143,0.913719588663155,344
159,"2023-11-02","2023",28,"SJS","San Jose Sharks",2023020156,8478406,11,3,1.06973022222519,1.88578253984451,63.8055962419167,-1.93026977777481,-25.1005467980354,0.727272727272727,0.913206603301651,347
160,"2023-11-04","2023",28,"SJS","San Jose Sharks",2023020171,8478406,17,5,1.29532492160797,0.927016794681549,41.713512727886,-3.70467507839203,-28.8052218764274,0.705882352941177,0.912328767123288,352
161,"2023-11-07","2023",28,"SJS","San Jose Sharks",2023020189,8478406,31,1,2.16040127332708,1.71879009546741,44.307948024785,1.16040127332708,-27.6448206031003,0.967741935483871,0.912753336628769,353
162,"2023-11-09","2023",28,"SJS","San Jose Sharks",2023020203,8478406,33,2,3.13155569248472,2.08441984653473,39.9622243421521,1.13155569248472,-26.5132649106156,0.93939393939394,0.912968864917872,355
163,"2023-11-12","2023",28,"SJS","San Jose Sharks",2023020226,8478406,29,2,2.72400069236755,1.51264546567126,35.7038423612767,0.724000692367554,-25.7892642182481,0.931034482758621,0.913096397273612,357
164,"2023-11-14","2023",28,"SJS","San Jose Sharks",2023020237,8478406,23,2,1.81249284744263,1.92414808273315,51.4940589339056,-0.187507152557373,-25.9767713708054,0.91304347826087,0.913096102638586,359
165,"2023-11-20","2023",28,"SJS","San Jose Sharks",2023020278,8478406,29,2,2.88952952623367,1.57589828968048,35.2910931414948,0.889529526233673,-25.0872418445718,0.931034482758621,0.913221153846154,361
166,"2023-11-22","2023",28,"SJS","San Jose Sharks",2023020292,8478406,7,2,1.05411463975906,0.747088253498077,41.4771848465726,-0.945885360240937,-26.0331272048127,0.714285714285714,0.912886969042477,363
167,"2023-11-24","2023",28,"SJS","San Jose Sharks",2023020300,8478406,22,2,2.29759600710611,2.12465363092072,48.0446334971882,0.29759600710611,-25.7355311977066,0.909090909090909,0.912867032704703,365
168,"2023-11-27","2023",28,"SJS","San Jose Sharks",2023020326,8478406,28,1,1.92024451494217,1.99300301558792,50.9296434748646,0.920244514942169,-24.8152866827644,0.964285714285714,0.913208442020394,366
169,"2023-11-30","2023",28,"SJS","San Jose Sharks",2023020340,8478406,31,2,2.26270080784706,1.07116377353668,32.1297925392065,0.262700807847056,-24.5525858749174,0.935483870967742,0.913370998116761,368
170,"2023-12-03","2023",28,"SJS","San Jose Sharks",2023020370,8478406,32,5,4.1715095937252,3.02133226394653,42.0047086218647,-0.828490406274796,-25.3810762811922,0.84375,0.91285046728972,373
171,"2023-12-07","2023",28,"SJS","San Jose Sharks",2023020393,8478406,19,4,1.74594742059708,2.51690063152266,59.04270104751,-2.25405257940292,-27.6351288605951,0.789473684210526,0.91230518725285,377
172,"2023-12-12","2023",28,"SJS","San Jose Sharks",2023020441,8478406,29,1,2.46666270494461,2.37349261070196,49.0375299120932,1.46666270494461,-26.1684661556505,0.96551724137931,0.912661737523105,378
173,"2023-12-17","2023",28,"SJS","San Jose Sharks",2023020477,8478406,19,3,4.62900799512863,1.32020807266235,22.1912947457053,1.62900799512863,-24.5394581605218,0.842105263157895,0.912353347135956,381
174,"2023-12-21","2023",28,"SJS","San Jose Sharks",2023020509,8478406,25,4,2.95078128576279,2.45799440145493,45.4445616456933,-1.04921871423721,-25.588676874759,0.84,0.911939615736505,385
175,"2023-12-23","2023",28,"SJS","San Jose Sharks",2023020527,8478406,17,5,2.23530375957489,1.39238953590393,38.3822286641283,-2.76469624042511,-28.3533731151842,0.705882352941177,0.911141490088858,390
176,"2024-01-04","2023",28,"SJS","San Jose Sharks",2023020601,8478406,25,1,2.22607761621475,0.991976976394653,30.8253619647358,1.22607761621475,-27.1272954989694,0.96,0.911418214771183,391
177,"2024-01-06","2023",28,"SJS","San Jose Sharks",2023020613,8478406,30,3,2.70112466812134,1.49281829595566,35.5946256003555,-0.298875331878662,-27.4261708308481,0.9,0.911341134113411,394
178,"2024-01-09","2023",28,"SJS","San Jose Sharks",2023020627,8478406,21,1,1.73047935962677,1.06031435728073,37.9932902549198,0.73047935962677,-26.6956914712213,0.952380952380952,0.911534154535274,395
179,"2024-01-11","2023",28,"SJS","San Jose Sharks",2023020642,8478406,34,2,2.52867027936435,2.2658801965815,47.259491957575,0.528670279364352,-26.1670211918569,0.941176470588235,0.911758168481885,397
180,"2024-01-13","2023",28,"SJS","San Jose Sharks",2023020655,8478406,36,5,2.30017328262329,1.49196875095367,39.3436938211506,-2.69982671737671,-28.8668479092337,0.861111111111111,0.91135611907387,402
181,"2024-01-16","2023",28,"SJS","San Jose Sharks",2023020686,8478406,16,0,1.21411699209926,3.9866731260434,76.6551434586088,1.21411699209926,-27.6527309171344,1,0.911667765326302,402
182,"2024-01-20","2023",28,"SJS","San Jose Sharks",2023020715,8478406,28,2,2.43674522638321,2.41024705630526,49.726653473613,0.436745226383209,-27.2159856907512,0.928571428571429,0.911771129067482,404
183,"2024-01-23","2023",28,"SJS","San Jose Sharks",2023020738,8478406,27,2,1.9946211061168,1.72108960764962,46.319257343504,-0.0053788938831949,-27.2213645846344,0.925925925925926,0.911854103343465,406
184,"2024-01-30","2023",28,"SJS","San Jose Sharks",2023020777,8478406,29,0,2.69076335430145,2.18713599241269,44.8376613979538,2.69076335430145,-24.5306012303329,1,0.912405609492988,406
185,"2024-02-15","2023",28,"SJS","San Jose Sharks",2023020846,8478406,27,3,2.7930090715962,2.48084085505145,47.040414299927,-0.206990928403798,-24.7375921587367,0.888888888888889,0.912269412269412,409
186,"2024-02-19","2023",28,"SJS","San Jose Sharks",2023020873,8478406,20,3,2.56035017967224,1.78227776288986,41.0414566125215,-0.439649820327759,-25.1772419790645,0.85,0.912003417343016,412
187,"2024-02-27","2023",28,"SJS","San Jose Sharks",2023020938,8478406,7,0,0.374951064586639,3.53258341550827,90.4044080353827,0.374951064586639,-24.8022909144778,1,0.912134783535935,412
188,"2024-03-21","2023",28,"SJS","San Jose Sharks",2023021108,8478406,17,3,2.00684695365195,1.50137376768959,42.7958753722732,-0.993153046348051,-25.7954439608259,0.823529411764706,0.911814704632384,415
189,"2024-03-26","2023",28,"SJS","San Jose Sharks",2023021147,8478406,32,4,2.5895704627037,1.4796250462532,36.3616111095259,-1.4104295372963,-27.2058734981222,0.875,0.91156606162938,419
190,"2024-03-28","2023",28,"SJS","San Jose Sharks",2023021156,8478406,21,2,2.48527640104294,1.73950558900833,41.1738544877489,0.485276401042938,-26.7205970970793,0.904761904761905,0.911536036982559,421
191,"2024-03-30","2023",28,"SJS","San Jose Sharks",2023021177,8478406,33,0,2.5728667974472,2.08423412757197,44.753896493308,2.5728667974472,-24.147730299632,1,0.912145242070117,421
192,"2024-04-01","2023",28,"SJS","San Jose Sharks",2023021188,8478406,27,3,2.61884728074074,1.77351874113083,40.3772985288494,-0.381152719259262,-24.5288830188913,0.888888888888889,0.912014940859099,424
193,"2024-04-04","2023",28,"SJS","San Jose Sharks",2023021210,8478406,22,2,2.15509814023972,0.953579246997833,30.674757403669,0.155098140239716,-24.3737848786516,0.909090909090909,0.912001652551126,426
194,"2024-04-07","2023",28,"SJS","San Jose Sharks",2023021231,8478406,20,3,1.643336502815,1.77856105621676,51.9758708592086,-1.356663497185,-25.7304483758366,0.85,0.911746554206953,429
195,"2024-04-09","2023",28,"SJS","San Jose Sharks",2023021251,8478406,31,1,2.88157371752333,1.43568235287805,33.2545100282776,1.88157371752333,-23.8488746583133,0.967741935483871,0.91210139002453,430
196,"2024-04-13","2023",28,"SJS","San Jose Sharks",2023021282,8478406,36,5,3.19017223156142,1.24835395812988,28.125416067821,-1.80982776843858,-25.6587024267518,0.861111111111111,0.911728896103896,435
197,"2024-10-10","2024",28,"SJS","San Jose Sharks",2024020019,8478406,36,5,3.13016940172565,1.82894945144653,36.880532723603,-1.86983059827435,-27.5285330250262,0.861111111111111,0.911361804995971,440
198,"2024-10-15","2024",28,"SJS","San Jose Sharks",2024020054,8478406,32,2,3.22342486345727,2.90548336377559,47.4062142236935,1.22342486345727,-26.3051081615689,0.9375,0.911529223378703,442
199,"2024-10-18","2024",28,"SJS","San Jose Sharks",2024020073,8478406,13,3,1.48853462934494,0.850908517837524,36.3722674287822,-1.51146537065506,-27.816573532224,0.769230769230769,0.911159912158115,445
200,"2024-10-22","2024",28,"SJS","San Jose Sharks",2024020105,8478406,31,0,2.42394567002722,2.15397599811111,47.0513948087507,2.42394567002722,-25.3926278621968,1,0.911706349206349,445
201,"2024-10-24","2024",28,"SJS","San Jose Sharks",2024020117,8478406,25,3,2.19212023276239,1.17229634523392,34.843971251981,-0.807879767237607,-26.2005076294344,0.88,0.911549851924975,448
202,"2024-10-28","2024",28,"SJS","San Jose Sharks",2024020145,8478406,21,4,2.06109805904767,2.75873992412622,57.2371920748584,-1.93890194095233,-28.1394095703867,0.80952380952381,0.911128588281557,452
203,"2024-10-31","2024",28,"SJS","San Jose Sharks",2024020167,8478406,27,2,2.86116045713425,2.26719778776169,44.2090368787739,0.861160457134247,-27.2782491132524,0.925925925925926,0.911206727948367,454
204,"2024-11-02","2024",28,"SJS","San Jose Sharks",2024020184,8478406,25,3,2.57118570804596,1.70120441913605,39.8185645152713,-0.42881429195404,-27.7070634052065,0.88,0.911054885169327,457
205,"2024-11-10","2024",28,"SJS","San Jose Sharks",2024020236,8478406,34,0,2.34334897994995,1.56120491027832,39.9842070098064,2.34334897994995,-25.3637144252565,1,0.911639597834493,457
206,"2024-11-14","2024",28,"SJS","San Jose Sharks",2024020261,8478406,32,3,2.73418317385779,1.40215823047435,33.8985130435757,-0.265816826142208,-25.6295312513987,0.90625,0.911606456571868,460
207,"2024-11-16","2024",28,"SJS","San Jose Sharks",2024020279,8478406,22,1,2.33485611861178,1.57000804249277,40.2064701284941,1.33485611861178,-24.294675132787,0.954545454545455,0.911787217757367,461
208,"2024-11-18","2024",28,"SJS","San Jose Sharks",2024020293,8478406,15,2,1.73422592510994,2.59852127483146,59.9739877476952,-0.265774074890061,-24.560449207677,0.866666666666667,0.911658080518985,463
209,"2024-11-20","2024",28,"SJS","San Jose Sharks",2024020303,8478406,19,3,1.51135903596878,1.29943192005157,46.2301160201315,-1.48864096403122,-26.0490901717082,0.842105263157895,0.911406844106464,466
210,"2024-11-23","2024",28,"SJS","San Jose Sharks",2024020331,8478406,24,2,1.26146399974823,2.23261827230453,63.8971294454631,-0.73853600025177,-26.78762617196,0.916666666666667,0.911430734292203,468
211,"2024-11-27","2024",28,"SJS","San Jose Sharks",2024020361,8478406,10,3,1.09487718343735,3.47795176506042,76.0568961627785,-1.90512281656265,-28.6927489885227,0.7,0.911031356252361,471
212,"2024-11-30","2024",28,"SJS","San Jose Sharks",2024020387,8478406,37,2,2.8180867433548,3.29892732528899,53.9303537358121,0.818086743354798,-27.8746622451679,0.945945945945946,0.911273682235978,473
213,"2024-12-03","2024",28,"SJS","San Jose Sharks",2024020400,8478406,25,1,1.83248338412554,2.82699656486511,60.6719332589359,0.832483384125544,-27.0421788610423,0.96,0.911501120238984,474
214,"2024-12-05","2024",28,"SJS","San Jose Sharks",2024020413,8478406,21,3,1.39940613508224,1.48670482635498,51.5123931899913,-1.60059386491776,-28.6427727259601,0.857142857142857,0.911288822763623,477
215,"2024-12-07","2024",28,"SJS","San Jose Sharks",2024020429,8478406,35,2,2.92346113920212,1.64840215444565,36.0553684257351,0.923461139202118,-27.719311586758,0.942857142857143,0.911492978566149,479
216,"2024-12-14","2024",21,"COL","Colorado Avalanche",2024020484,8478406,35,2,2.14178675413132,3.49542158474138,62.0062515809089,0.141786754131317,-27.5775248326266,0.942857142857143,0.911694510739857,481
217,"2024-12-16","2024",21,"COL","Colorado Avalanche",2024020496,8478406,18,1,2.16703391075134,1.85477083921432,46.1178738035495,1.16703391075134,-26.4104909218753,0.944444444444444,0.911802378774016,482
218,"2024-12-19","2024",21,"COL","Colorado Avalanche",2024020520,8478406,25,2,2.41176679730415,3.41178587979594,58.5859881239175,0.411766797304153,-25.9987241245712,0.92,0.91183970856102,484
219,"2024-12-22","2024",21,"COL","Colorado Avalanche",2024020543,8478406,19,2,1.77453392744064,3.33242640500503,65.2526393015699,-0.225466072559357,-26.2241901971305,0.894736842105263,0.911780722454166,486
220,"2024-12-27","2024",21,"COL","Colorado Avalanche",2024020564,8478406,30,0,2.14096534252167,4.08261256633392,65.5991236250892,2.14096534252167,-24.0832248546088,1,0.912258530420654,486
221,"2024-12-31","2024",21,"COL","Colorado Avalanche",2024020597,8478406,21,2,2.3441059589386,3.10518427333519,56.9832793075423,0.344105958938598,-23.7391188956702,0.904761904761905,0.912230215827338,488
222,"2025-01-02","2024",21,"COL","Colorado Avalanche",2024020610,8478406,2,1,0.681418508291245,2.40745144259011,77.9395533276882,-0.318581491708755,-24.057700387379,0.5,0.912081984897519,489
223,"2025-01-04","2024",21,"COL","Colorado Avalanche",2024020626,8478406,21,1,2.12123284009802,2.4882582796854,53.9811926094417,1.12123284009802,-22.936467547281,0.952380952380952,0.912233566183056,490
224,"2025-01-06","2024",21,"COL","Colorado Avalanche",2024020639,8478406,20,1,2.81155920028687,2.41784432739235,46.2355661519466,1.81155920028687,-21.1249083469941,0.95,0.912368374085311,491
225,"2025-01-09","2024",21,"COL","Colorado Avalanche",2024020662,8478406,17,1,1.93501436710358,2.28280138969421,54.1228332701602,0.935014367103577,-20.1898939798905,0.941176470588235,0.912455516014235,492
226,"2025-01-11","2024",21,"COL","Colorado Avalanche",2024020678,8478406,27,2,2.02875554561615,1.39036375284195,40.6643825931711,0.0287555456161499,-20.1611384342744,0.925925925925926,0.912519922082522,494
227,"2025-01-14","2024",21,"COL","Colorado Avalanche",2024020703,8478406,16,1,2.09779505632916,2.87607490067462,57.8236850890075,1.09779505632916,-19.0633433779452,0.9375,0.912590499735123,495
228,"2025-01-16","2024",21,"COL","Colorado Avalanche",2024020718,8478406,20,4,2.81537169218063,2.43966496052948,46.4252701124606,-1.18462830781937,-20.2479716857646,0.8,0.912194263593173,499
229,"2025-01-20","2024",21,"COL","Colorado Avalanche",2024020741,8478406,15,3,1.36015349626541,1.99176687002182,59.4216643705056,-1.63984650373459,-21.8878181894992,0.8,0.911898911898912,502
230,"2025-01-22","2024",21,"COL","Colorado Avalanche",2024020759,8478406,21,3,2.0393976303643,2.99983197450638,59.5295751478933,-0.960602369635696,-22.8484205591349,0.857142857142857,0.911697849274349,505
231,"2025-01-26","2024",21,"COL","Colorado Avalanche",2024020789,8478406,34,4,3.74521571397781,2.28974574804306,37.9413482994523,-0.254784286022186,-23.1032048451571,0.88235294117647,0.911524422040674,509
232,"2025-01-28","2024",21,"COL","Colorado Avalanche",2024020803,8478406,27,4,2.37661749124527,2.95302778482437,55.407585906019,-1.62338250875473,-24.7265873539118,0.851851851851852,0.911245674740484,513
233,"2025-01-31","2024",21,"COL","Colorado Avalanche",2024020824,8478406,16,0,1.26072764396667,1.96696418523788,60.9402721610702,1.26072764396667,-23.4658597099451,1,0.911490683229814,513
234,"2025-02-02","2024",21,"COL","Colorado Avalanche",2024020836,8478406,23,0,1.50614154338837,2.7241119146347,64.3959503057239,1.50614154338837,-21.9597181665568,1,0.911840522426534,513
235,"2025-02-04","2024",21,"COL","Colorado Avalanche",2024020855,8478406,24,1,2.83175718784332,2.30852943658829,44.9105196900096,1.83175718784332,-20.1279609787134,0.958333333333333,0.9120314906726,514
236,"2025-02-06","2024",21,"COL","Colorado Avalanche",2024020868,8478406,21,1,1.28525632619858,3.75658943759011,74.5082180928761,0.285256326198578,-19.8427046525149,0.952380952380952,0.912175989085948,515
237,"2025-02-07","2024",21,"COL","Colorado Avalanche",2024020874,8478406,23,2,2.77890855285659,3.16295059787383,53.2316656729403,0.778908552856594,-19.0637960996583,0.91304347826087,0.91217937829115,517
238,"2025-02-23","2024",21,"COL","Colorado Avalanche",2024020910,8478406,24,3,3.03974208060177,1.81367430405425,37.3690233911961,0.039742080601775,-19.0240540190565,0.875,0.912028421586872,520
239,"2025-02-26","2024",21,"COL","Colorado Avalanche",2024020931,8478406,22,1,1.63390284776688,2.324975669384,58.7281387724228,0.633902847766876,-18.3901511712896,0.954545454545455,0.912186077869543,521
240,"2025-02-28","2024",21,"COL","Colorado Avalanche",2024020947,8478406,18,1,2.15455883741379,2.53381210565567,54.0446166999916,1.15455883741379,-17.2355923338758,0.944444444444444,0.912283649806755,522
241,"2025-03-06","2024",21,"COL","Colorado Avalanche",2024020996,8478406,22,1,1.0842747092247,4.52124261856079,80.6570090533811,0.0842747092247009,-17.1513176246511,0.954545454545455,0.912439310229366,523
242,"2025-03-08","2024",21,"COL","Colorado Avalanche",2024021007,8478406,19,3,1.11812447957728,2.72762296840058,70.925691437039,-1.88187552042272,-19.0331931450738,0.842105263157895,0.912216288384513,526
243,"2025-03-11","2024",21,"COL","Colorado Avalanche",2024021030,8478406,21,1,1.38427475875056,2.27338108157143,62.1540456734525,0.384274758750555,-18.6489183863233,0.952380952380952,0.912356560784966,527
244,"2025-03-19","2024",21,"COL","Colorado Avalanche",2024021087,8478406,18,0,2.76084176831002,2.51342481966449,47.6544895435353,2.76084176831002,-15.8880766180133,1,0.912618139612005,527
245,"2025-03-22","2024",21,"COL","Colorado Avalanche",2024021112,8478406,23,4,2.34927907966329,3.70010336024068,61.1649767062737,-1.65072092033671,-17.53879753835,0.826086956521739,0.912289395441031,531
246,"2025-03-25","2024",21,"COL","Colorado Avalanche",2024021136,8478406,19,1,2.24375468492508,3.02022131906534,57.375286604191,1.24375468492508,-16.2950428534249,0.947368421052632,0.912399143751029,532
247,"2025-03-27","2024",21,"COL","Colorado Avalanche",2024021149,8478406,20,0,1.03830760717392,1.86893212795258,64.285449368738,1.03830760717392,-15.256735246251,1,0.912686689643854,532
248,"2025-03-29","2024",21,"COL","Colorado Avalanche",2024021161,8478406,22,1,2.42016291618347,2.25335997343063,48.215447461234,1.42016291618347,-13.8365723300675,0.954545454545455,0.912837285363859,533
249,"2025-04-03","2024",21,"COL","Colorado Avalanche",2024021199,8478406,24,3,1.99898582696915,2.92524933815002,59.4051510551534,-1.00101417303085,-14.8375865030984,0.875,0.912689363088451,536
250,"2025-04-05","2024",21,"COL","Colorado Avalanche",2024021218,8478406,17,2,1.4892749786377,1.83833563327789,55.244914374751,-0.510725021362305,-15.3483115244607,0.88235294117647,0.912605588044185,538
251,"2025-04-10","2024",21,"COL","Colorado Avalanche",2024021256,8478406,26,3,2.62739193439484,2.12476360797882,44.7115753900076,-0.372608065605164,-15.7209195900658,0.884615384615385,0.912487868003882,541
252,"2025-04-12","2024",21,"COL","Colorado Avalanche",2024021267,8478406,29,4,2.67617517709732,1.89436340332031,41.4472686312433,-1.32382482290268,-17.0447444129685,0.862068965517241,0.912252455321204,545
253,"2025-04-19","2024",21,"COL","Colorado Avalanche",2024030161,8478406,13,0,1.23443806171417,2.88488700486607,70.0330019660485,1.23443806171417,-15.8103063512543,1,0.912435732647815,545
254,"2025-04-21","2024",21,"COL","Colorado Avalanche",2024030162,8478406,33,3,3.39420711994171,1.79892808198929,34.6405015860242,0.394207119941711,-15.4160992313126,0.909090909090909,0.912418091737254,548
255,"2025-04-23","2024",21,"COL","Colorado Avalanche",2024030163,8478406,21,1,1.44192290306091,2.0416020908514,58.6073616356774,0.441922903060913,-14.9741763282517,0.952380952380952,0.912551768079006,549
256,"2025-04-26","2024",21,"COL","Colorado Avalanche",2024030164,8478406,17,0,0.870868980884552,4.28222468861113,83.1000746980448,0.870868980884552,-14.1033073473671,1,0.912787926926132,549
257,"2025-04-28","2024",21,"COL","Colorado Avalanche",2024030165,8478406,11,4,2.05021297931671,2.28916692733765,52.7533190589571,-1.94978702068329,-16.0530943680504,0.636363636363636,0.912305740564542,553
258,"2025-05-01","2024",21,"COL","Colorado Avalanche",2024030166,8478406,25,3,1.48138308525085,4.42962784088067,74.9385832006853,-1.51861691474915,-17.5717112827996,0.88,0.91217817090507,556
259,"2025-05-03","2024",21,"COL","Colorado Avalanche",2024030167,8478406,15,1,1.58646488189697,1.7778970916841,52.8450002004892,0.586464881896973,-16.9852464009026,0.933333333333333,0.91222817522849,557
260,"2025-11-01","2025",21,"COL","Colorado Avalanche",2025020184,8478406,19,3,1.46288395308537,2.87559583602329,66.2811854798125,-1.53711604691463,-18.5223624478172,0.842105263157895,0.912018853102907,560
261,"2025-11-09","2025",21,"COL","Colorado Avalanche",2025020250,8478406,23,2,2.39579051733017,2.49075849198645,50.9717284578054,0.39579051733017,-18.1265719304871,0.91304347826087,0.91202254226675,562
262,"2025-11-13","2025",21,"COL","Colorado Avalanche",2025020275,8478406,15,2,1.94070807099342,4.18590335302643,68.3233040798911,-0.0592919290065763,-18.1858638594936,0.866666666666667,0.911916289239419,564
263,"2025-11-22","2025",21,"COL","Colorado Avalanche",2025020343,8478406,34,0,2.3872184753418,4.81744360726835,66.8656427189859,2.3872184753418,-15.7986453841519,1,0.912381544197608,564
264,"2025-11-26","2025",21,"COL","Colorado Avalanche",2025020371,8478406,18,0,1.37495684623718,2.903449177742,67.8628713934358,1.37495684623718,-14.4236885379147,1,0.912625871417506,564
265,"2025-11-29","2025",21,"COL","Colorado Avalanche",2025020392,8478406,17,1,1.53084051609039,2.77663978025129,64.4608817505091,0.530840516090393,-13.8928480218243,0.941176470588235,0.91270086526576,565
266,"2025-12-02","2025",21,"COL","Colorado Avalanche",2025020417,8478406,10,0,1.18069064617157,3.96267777847352,77.0444084753069,1.18069064617157,-12.7121573756527,1,0.912835544585005,565
267,"2025-12-04","2025",21,"COL","Colorado Avalanche",2025020430,8478406,30,4,2.62882363796234,2.67848314567835,50.4678409383558,-1.37117636203766,-14.0833337376904,0.866666666666667,0.91262285012285,569
268,"2025-12-06","2025",21,"COL","Colorado Avalanche",2025020441,8478406,24,2,1.56153625249863,4.07163358174874,72.2796170105662,-0.438463747501373,-14.5217974851917,0.916666666666667,0.912637698898409,571
269,"2025-12-07","2025",21,"COL","Colorado Avalanche",2025020453,8478406,25,2,2.67053335905075,1.72356224060059,39.2245048272811,0.670533359050751,-13.851264126141,0.92,0.912665752171925,573
270,"2025-12-11","2025",21,"COL","Colorado Avalanche",2025020490,8478406,21,2,1.46122306585312,4.03996217250824,73.438031941488,-0.538776934146881,-14.3900410602879,0.904761904761905,0.912640534791857,575
271,"2025-12-16","2025",21,"COL","Colorado Avalanche",2025020528,8478406,31,2,4.92136478424072,3.4129624835618,40.9506655293809,2.92136478424072,-11.4686762760471,0.935483870967742,0.912747618327537,577
272,"2025-12-21","2025",21,"COL","Colorado Avalanche",2025020563,8478406,23,1,2.21091133356094,3.51745578473795,61.4041612923458,1.21091133356094,-10.2577649424862,0.956521739130435,0.91289933694997,578
273,"2025-12-29","2025",21,"COL","Colorado Avalanche",2025020611,8478406,18,0,1.4006068110466,2.44717578699998,63.5996375741796,1.4006068110466,-8.8571581314396,1,0.913134956417193,578
274,"2025-12-31","2025",21,"COL","Colorado Avalanche",2025020629,8478406,9,1,1.02223670482635,3.19582351744645,75.7652415812227,0.022236704826355,-8.83492142661325,0.888888888888889,0.913102206213417,579
275,"2026-01-16","2025",21,"COL","Colorado Avalanche",2025020752,8478406,25,4,1.62253415584564,2.60238748788834,61.5961124805228,-2.37746584415436,-11.2123872707676,0.84,0.912828947368421,583
276,"2026-01-23","2025",21,"COL","Colorado Avalanche",2025020805,8478406,13,4,2.6013200879097,2.1435518860817,45.1761796278464,-1.3986799120903,-12.6110671828579,0.692307692307692,0.912401134159081,587
277,"2026-01-25","2025",21,"COL","Colorado Avalanche",2025020819,8478406,28,0,2.12212556600571,3.80687595957041,64.2077075397699,2.12212556600571,-10.4889416168522,1,0.912765641254273,587
278,"2026-01-28","2025",21,"COL","Colorado Avalanche",2025020841,8478406,15,3,2.00451135635376,2.1342790722847,51.56770097651,-0.99548864364624,-11.4844302604984,0.8,0.912514827995255,590
279,"2026-01-31","2025",21,"COL","Colorado Avalanche",2025020860,8478406,24,0,1.89203164865542,2.50785559415817,56.9981787204728,1.89203164865542,-9.59239861184302,1,0.912825059101655,590
280,"2026-02-02","2025",21,"COL","Colorado Avalanche",2025020883,8478406,20,1,1.76599013805389,1.8711667060852,51.4458624213689,0.765990138053894,-8.82640847378913,0.95,0.912934590453742,591
281,"2026-02-04","2025",21,"COL","Colorado Avalanche",2025020897,8478406,24,2,2.10201220757884,5.17119390427303,71.0992349831313,0.102012207578837,-8.72439626621029,0.916666666666667,0.912947739283617,593
282,"2026-02-26","2025",21,"COL","Colorado Avalanche",2025020927,8478406,20,1,1.40489393472672,2.59255301952362,64.8552200740789,0.404893934726715,-8.31950233148358,0.95,0.913056206088993,594
283,"2026-02-28","2025",21,"COL","Colorado Avalanche",2025020938,8478406,14,0,1.21867507696152,3.46061239483571,73.9559690592498,1.21867507696152,-7.10082725452206,1,0.913234005258545,594
284,"2026-03-02","2025",21,"COL","Colorado Avalanche",2025020958,8478406,20,1,1.24005189633599,3.73589979212294,75.0791009645024,0.240051896335988,-6.86077535818607,0.95,0.913341101077775,595
285,"2026-03-06","2025",21,"COL","Colorado Avalanche",2025020984,8478406,9,3,1.22834467887878,2.31793336968956,65.362426125197,-1.77165532112122,-8.63243067930729,0.666666666666667,0.913018181818182,598
286,"2026-03-10","2025",21,"COL","Colorado Avalanche",2025021023,8478406,15,2,1.8083778526155,1.93966074785443,51.7513546314927,-0.1916221473845,-8.82405282669179,0.866666666666667,0.912917271407837,600
287,"2026-03-14","2025",21,"COL","Colorado Avalanche",2025021045,8478406,16,2,1.48338776826859,2.74150919914246,64.8893741146643,-0.516612231731415,-9.3406650584232,0.875,0.912829423689545,602
